Year,Volcanic Explosivity Index,Volcano Type,Flag Tsunami,Flag Earthquake,Name and Country
-141,,Estratovolcán,False,False,Etna(Italy)
1262,3.0,Volcán subglacial,False,False,Katla(Iceland)
1300,4.0,Estratovolcán,False,False,Hekla(Iceland)
1331,2.0,Caldera,False,False,Aso(Japan)
1714,,Volcán complejo,False,False,Vesuvius(Italy)
1907,,Volcán escudo,False,False,Savai'i(Samoa)
1911,2.0,Volcán complejo,False,False,Asama(Japan)
1913,4.0,Estratovolcán,False,False,Colima(Mexico)
1944,3.0,Estratovolcán,False,False,Cleveland(United States)
1952,2.0,Volcán submarino,False,False,Myojun Knoll(Japan)
1960,3.0,Estratovolcán,False,False,Puyehue(Chile)
1971,2.0,Estratovolcán,False,False,La Palma(Spain)
1972,1.0,Estratovolcán,False,False,Ritter Island(Papua New Guinea)
1979,3.0,Estratovolcán,False,False,Soufriere St. Vincent(St. Vincent & the Grenadines)
1983,3.0,Estratovolcán,False,False,Miyake-jima(Japan)
1984,3.0,Estratovolcán,False,False,Etna(Italy)
1990,2.0,Caldera,False,False,Aso(Japan)
1991,2.0,Estratovolcán,False,False,Etna(Italy)
1994,3.0,Estratovolcán,False,False,Semeru(Indonesia)
2007,,Estratovolcán,False,False,Salak(Indonesia)
2017,2.0,Estratovolcán,False,False,Fuego(Guatemala)
2017,,Volcán escudo,False,False,Aoba(Vanuatu)
2018,3.0,Volcán escudo,False,False,Aoba(Vanuatu)
2019,2.0,Estratovolcán,False,False,Stromboli(Italy)
1593,5.0,Estratovolcán,False,False,Raung(Indonesia)
1609,,Cono piroclástico,False,False,Tengchong(China)
1692,4.0,Estratovolcán,False,False,Serua(Pacific Ocean)
1718,2.0,Estratovolcán,False,False,Pico(Portugal)
1846,,Caldera,False,False,Taupo(New Zealand)
1866,2.0,Volcán escudo,False,False,Santorini(Greece)
1877,0.0,Volcán escudo,False,False,Mauna Loa(United States)
1883,3.0,Cono de lava,False,False,Bagana(Papua New Guinea)
1886,4.0,Volcán escudo,False,False,Niuafo'ou(Tonga)
1896,2.0,Volcán escudo,False,False,Kirishima(Japan)
1902,4.0,Estratovolcán,False,False,Pelee(Martinique)
1914,,Volcán escudo,False,False,Aoba(Vanuatu)
1923,1.0,Estratovolcán,False,False,Papandayan(Indonesia)
1928,2.0,Volcán escudo,False,False,Santorini(Greece)
1947,,Estratovolcán,False,False,Akagi(Japan)
1963,5.0,Estratovolcán,False,False,Agung(Indonesia)
1963,2.0,Estratovolcán,False,False,Semeru(Indonesia)
1965,4.0,Estratovolcán,False,False,Taal(Philippines)
1973,3.0,Volcán submarino,False,False,Vestmannaeyjar(Iceland)
1974,3.0,Estratovolcán,False,False,Karangetang [Api Siau](Indonesia)
1975,0.0,Volcán escudo,False,False,Kilauea(United States)
1982,5.0,Cono de toba,False,False,"Chichon, El(Mexico)"
1986,3.0,Maar,False,False,Oku Volc Field(Cameroon)
1992,3.0,Estratovolcán,False,False,Semeru(Indonesia)
1994,3.0,Estratovolcán,False,False,Yasur(Vanuatu)
1998,,Estratovolcán,False,False,San Cristobal(Nicaragua)
2004,2.0,Estratovolcán,False,False,Tengger Caldera(Indonesia)
2007,,Estratovolcán,False,False,Huila(Colombia)
2008,,Caldera,False,False,Chaiten(Chile)
2008,3.0,Estratovolcán,False,False,Kasatochi(United States)
2017,,Estratovolcán,False,False,Merapi(Indonesia)
-4050,6.0,Caldera,False,False,Masaya(Nicaragua)
-2420,5.0,Volcán complejo,False,False,Vesuvius(Italy)
79,5.0,Volcán complejo,False,False,Vesuvius(Italy)
1375,5.0,Cono de toba,False,False,"Chichon, El(Mexico)"
1376,3.0,Estratovolcán,False,False,Kelut(Indonesia)
1538,3.0,Caldera,False,False,Campi Flegrei(Italy)
1664,2.0,Volcán complejo,False,False,Unzen(Japan)
1698,3.0,Estratovolcán,False,False,Cotopaxi(Ecuador)
1775,3.0,Estratovolcán,False,False,Gamalama(Indonesia)
1800,2.0,Estratovolcán,False,False,Mayon(Philippines)
1822,4.0,Estratovolcán,False,False,Usu(Japan)
1822,5.0,Estratovolcán,False,False,Galunggung(Indonesia)
1840,2.0,Estratovolcán,False,False,Gamalama(Indonesia)
1874,3.0,Estratovolcán,False,False,Miyake-jima(Japan)
1911,,Volcán de lodo,False,False,Piparo(Trinidad)
1911,3.0,Estratovolcán,False,False,Semeru(Indonesia)
1916,3.0,Estratovolcán,False,False,Stromboli(Italy)
1928,2.0,Volcán complejo,False,False,Dieng Volc Complex(Indonesia)
1933,2.0,Estratovolcán,False,False,Bulusan(Philippines)
1944,2.0,Estratovolcán,False,False,Usu(Japan)
1953,,Estratovolcán,False,False,Ruapehu(New Zealand)
1966,4.0,Estratovolcán,False,False,Kelut(Indonesia)
1966,4.0,Estratovolcán,False,False,"Lengai, Ol Doinyo(Tanzania)"
1969,,Caldera,False,False,Narugo(Japan)
1971,3.0,Estratovolcán,False,False,"Hudson, Cerro(Chile)"
1973,2.0,Volcán complejo,False,False,Iliwerung(Indonesia)
1979,2.0,Estratovolcán,False,False,Karkar(Papua New Guinea)
1981,2.0,Estratovolcán,False,False,Etna(Italy)
1982,5.0,Cono de toba,False,False,"Chichon, El(Mexico)"
1993,2.0,Volcán complejo,False,False,Galeras(Colombia)
2002,3.0,Estratovolcán,False,False,Etna(Italy)
2008,,Estratovolcán,False,False,Huila(Colombia)
2011,4.0,Estratovolcán,False,False,Puyehue(Chile)
2013,,Domo de lava,False,False,Okataina(New Zealand)
2014,3.0,Volcán complejo,False,False,On-take(Japan)
2014,,Estratovolcán,False,False,Gamalama(Indonesia)
2018,,Estratovolcán,False,False,Mayon(Philippines)
2018,4.0,Estratovolcán,False,False,Manam(Papua New Guinea)
200,,Campo volcánico,False,False,"Arhab, Harra of(Yemen)"
640,2.0,Campo volcánico,False,False,"Uwayrid, Harrat(Saudi Arabia)"
1169,,Estratovolcán,False,False,Etna(Italy)
1600,6.0,Estratovolcán,False,False,Huaynaputina(Peru)
1629,2.0,Caldera,False,False,Grimsvotn(Iceland)
1717,3.0,Estratovolcán,False,False,Bardarbunga(Iceland)
1778,4.0,Estratovolcán,False,False,Raikoke(Russia)
1789,2.0,Estratovolcán,False,False,Oshima(Japan)
1805,2.0,Volcán complejo,False,False,Vesuvius(Italy)
1829,2.0,Volcán complejo,False,False,Guntur(Indonesia)
1837,,Volcán complejo,False,False,Peuet Sague(Indonesia)
1853,2.0,Volcán submarino,False,False,Unnamed(Taiwan)
1854,2.0,Caldera,False,False,Aso(Japan)
1860,2.0,Estratovolcán,False,False,Semeru(Indonesia)
1871,2.0,Estratovolcán,False,False,Camiguin(Philippines)
1875,5.0,Estratovolcán,False,False,Askja(Iceland)
1886,4.0,Estratovolcán,False,False,Tungurahua(Ecuador)
1886,2.0,Domo de lava,False,False,Okataina(New Zealand)
1893,4.0,Estratovolcán,False,False,Calbuco(Chile)
1951,3.0,Estratovolcán,False,False,Camiguin(Philippines)
1953,2.0,Volcán submarino,False,False,Myojun Knoll(Japan)
1957,,Volcán complejo,False,False,Unzen(Japan)
1981,3.0,Estratovolcán,False,False,Semeru(Indonesia)
1993,,Estratovolcán,False,False,Wurlali(Indonesia)
1993,1.0,Estratovolcán,False,False,Pinatubo(Philippines)
1996,2.0,Estratovolcán,False,False,Kanlaon(Philippines)
2013,,Estratovolcán,False,False,Mayon(Philippines)
2017,,Estratovolcán,False,False,Etna(Italy)
2017,,Volcán complejo,False,False,Dieng Volc Complex(Indonesia)
-1750,6.0,Estratovolcán,False,False,Veniaminof(United States)
847,6.0,Estratovolcán,False,False,Bona-Churchill(United States)
930,6.0,Estratovolcán,False,False,Ceboruco(Mexico)
1158,4.0,Estratovolcán,False,False,Hekla(Iceland)
1329,1.0,Estratovolcán,False,False,Etna(Italy)
1510,4.0,Estratovolcán,False,False,Hekla(Iceland)
1615,3.0,Caldera,False,False,Banda Api(Pacific Ocean)
1617,3.0,Estratovolcán,False,False,Fuego(Guatemala)
1646,4.0,Estratovolcán,False,False,Makian(Indonesia)
1677,2.0,Estratovolcán,False,False,La Palma(Spain)
1784,0.0,Volcán escudo,False,False,Hualalai(United States)
1800,5.0,Estratovolcán,False,False,St. Helens(United States)
1820,2.0,Caldera,False,False,Banda Api(Pacific Ocean)
1827,2.0,Estratovolcán,False,False,Avachinsky(Russia)
1843,2.0,Estratovolcán,False,False,Etna(Italy)
1847,2.0,Volcán complejo,False,False,Dieng Volc Complex(Indonesia)
1857,,Volcán complejo,False,False,Umboi(Papua New Guinea)
1866,2.0,Volcán escudo,False,False,Ofu-Olosega(United States)
1870,2.0,Estratovolcán,False,False,Ruang(Indonesia)
1870,3.0,Volcán complejo,False,False,Iliwerung(Indonesia)
1885,3.0,Estratovolcán,False,False,Purace(Colombia)
1897,2.0,Estratovolcán,False,False,Tinakula(Solomon Is.)
1902,4.0,Estratovolcán,False,False,Soufriere St. Vincent(St. Vincent & the Grenadines)
1903,,Volcán escudo,False,False,Karthala(Comoros)
1932,3.0,Estratovolcán,False,False,Kusatsu-Shirane(Japan)
1951,2.0,Volcán submarino,False,False,Kavachi(Solomon Is.)
1971,,Estratovolcán,False,False,Kusatsu-Shirane(Japan)
1991,1.0,Estratovolcán,False,False,Lokon-Empung(Indonesia)
1995,3.0,Volcán complejo,False,False,Pacaya(Guatemala)
1998,,Volcán escudo,False,False,Kilauea(United States)
1999,2.0,Estratovolcán,False,False,Fuego(Guatemala)
2011,3.0,Estratovolcán,False,False,Gamalama(Indonesia)
2017,,Estratovolcán,False,False,Sinabung(Indonesia)
-3550,6.0,Estratovolcán,False,False,Pinatubo(Philippines)
1050,,Volcán escudo,False,False,Santorini(Greece)
1177,3.0,Volcán subglacial,False,False,Katla(Iceland)
1595,4.0,Estratovolcán,False,False,Ruiz(Colombia)
1598,3.0,Caldera,False,False,Banda Api(Pacific Ocean)
1638,4.0,Estratovolcán,False,False,Raung(Indonesia)
1659,3.0,Estratovolcán,False,False,San Salvador(El Salvador)
1684,2.0,Caldera,False,False,Grimsvotn(Iceland)
1693,4.0,Estratovolcán,False,False,Hekla(Iceland)
1694,3.0,Caldera,False,False,Banda Api(Pacific Ocean)
1794,3.0,Volcán complejo,False,False,Vesuvius(Italy)
1800,1.0,Respiradero de fisura,False,False,San Jorge(Portugal)
1816,2.0,Caldera,False,False,Aso(Japan)
1817,2.0,Estratovolcán,False,False,Ijen(Indonesia)
1825,,Estratovolcán,False,False,Balbi(Papua New Guinea)
1846,1.0,Estratovolcán,False,False,E-san(Japan)
1875,,Estratovolcán,False,False,Mayon(Philippines)
1889,2.0,Volcán submarino,False,False,Banua Wuhu(Indonesia)
1912,6.0,Caldera,False,False,Novarupta(United States)
1953,,Volcán complejo,False,False,Hakone(Japan)
1961,,Estratovolcán,False,False,Daisetsu(Japan)
1964,1.0,Volcán complejo,False,False,Dieng Volc Complex(Indonesia)
1965,0.0,Volcán submarino,False,False,Kick-'em-Jenny(Netherlands)
1971,2.0,Estratovolcán,False,False,Tinakula(Solomon Is.)
1976,2.0,Estratovolcán,False,False,Semeru(Indonesia)
1976,2.0,Estratovolcán,False,False,Karangetang [Api Siau](Indonesia)
1978,3.0,Estratovolcán,False,False,Santa Maria(Guatemala)
1983,2.0,Estratovolcán,False,False,Kliuchevskoi(Russia)
1986,3.0,Estratovolcán,False,False,Oshima(Japan)
1992,2.0,Estratovolcán,False,False,Karangetang [Api Siau](Indonesia)
2002,3.0,Estratovolcán,False,False,Karangetang [Api Siau](Indonesia)
2013,3.0,Estratovolcán,False,False,Paluweh(Indonesia)
2013,2.0,Estratovolcán,False,False,Sinabung(Indonesia)
2017,2.0,Estratovolcán,False,False,Sinabung(Indonesia)
2018,1.0,Caldera,False,False,Krakatau(Indonesia)
2019,,Estratovolcán,False,False,Ulawun(Papua New Guinea)
920,4.0,Volcán subglacial,False,False,Katla(Iceland)
1104,5.0,Estratovolcán,False,False,Hekla(Iceland)
1151,1.0,Hileras de cráteres,False,False,Krisuvik(Iceland)
1206,2.0,Estratovolcán,False,False,Hekla(Iceland)
1329,3.0,Estratovolcán,False,False,Etna(Italy)
1485,2.0,Caldera,False,False,Aso(Japan)
1550,3.0,Volcán complejo,False,False,Dukono(Indonesia)
1576,3.0,Estratovolcán,False,False,Colima(Mexico)
1580,4.0,Volcán subglacial,False,False,Katla(Iceland)
1598,2.0,Volcán complejo,False,False,Asama(Japan)
1730,2.0,Respiradero de fisura,False,False,Lanzarote(Spain)
1772,3.0,Estratovolcán,False,False,Papandayan(Indonesia)
1781,4.0,Estratovolcán,False,False,Sakura-jima(Japan)
1826,2.0,Caldera,False,False,Aso(Japan)
1840,0.0,Volcán escudo,False,False,Kilauea(United States)
1840,3.0,Estratovolcán,False,False,Savo(Solomon Is.)
1850,2.0,Escudo piroclástico,False,False,Rabaul(Papua New Guinea)
1858,,Estratovolcán,False,False,Tate-yama(Japan)
1883,2.0,Volcán escudo,False,False,Karthala(Comoros)
1887,3.0,Estratovolcán,False,False,Mayon(Philippines)
1890,2.0,Estratovolcán,False,False,Makian(Indonesia)
1902,4.0,Estratovolcán,False,False,Pelee(Martinique)
1902,6.0,Estratovolcán,False,False,Santa Maria(Guatemala)
1936,3.0,Volcán complejo,False,False,Asama(Japan)
1937,2.0,Estratovolcán,False,False,Llaima(Chile)
1943,3.0,Volcán escudo,False,False,"Azul, Cerro(Ecuador)"
1951,4.0,Estratovolcán,False,False,Lamington(Papua New Guinea)
1970,,Caldera,False,False,Campi Flegrei(Italy)
1981,3.0,Estratovolcán,False,False,Semeru(Indonesia)
1983,1.0,Volcán complejo,False,False,Iliwerung(Indonesia)
1985,1.0,Estratovolcán,False,False,Etna(Italy)
1990,3.0,Estratovolcán,False,False,Sabancaya(Peru)
1990,,Estratovolcán,False,False,"Nyiragongo(Congo, DRC)"
1997,3.0,Estratovolcán,False,False,Semeru(Indonesia)
1999,3.0,Estratovolcán,False,False,Soufriere Hills(Montserrat)
2000,2.0,Estratovolcán,False,False,Merapi(Indonesia)
-1860,6.0,Estratovolcán,False,False,St. Helens(United States)
230,6.0,Caldera,False,False,Taupo(New Zealand)
1169,,Estratovolcán,False,False,Etna(Italy)
1566,3.0,Volcán escudo,False,False,Kirishima(Japan)
1597,4.0,Estratovolcán,False,False,Hekla(Iceland)
1640,3.0,Estratovolcán,False,False,Tungurahua(Ecuador)
1650,4.0,Volcán escudo,False,False,Santorini(Greece)
1660,4.0,Volcán subglacial,False,False,Katla(Iceland)
1672,3.0,Estratovolcán,False,False,Merapi(Indonesia)
1679,,Volcán escudo,False,False,Zukur(Yemen)
1717,3.0,Volcán escudo,False,False,Kirishima(Japan)
1741,4.0,Estratovolcán,False,False,Oshima-Oshima(Japan)
1753,2.0,Caldera,False,False,Grimsvotn(Iceland)
1780,4.0,Estratovolcán,False,False,Sakura-jima(Japan)
1817,4.0,Estratovolcán,False,False,Raung(Indonesia)
1833,2.0,Estratovolcán,False,False,Kaba(Indonesia)
1841,2.0,Estratovolcán,False,False,Kuchinoerabu-jima(Japan)
1843,0.0,Estratovolcán,False,False,Liamuiga(St. Kitts & Nevis)
1871,2.0,Estratovolcán,False,False,Ruang(Indonesia)
1899,2.0,Estratovolcán,False,False,Manam(Papua New Guinea)
1900,2.0,Volcán escudo,False,False,Kirishima(Japan)
1928,3.0,Estratovolcán,False,False,Mayon(Philippines)
1937,4.0,Escudo piroclástico,False,False,Rabaul(Papua New Guinea)
1946,2.0,Estratovolcán,False,False,Sakura-jima(Japan)
1953,0.0,Volcán complejo,False,False,St. Andrew Strait(Papua New Guinea)
1976,3.0,Estratovolcán,False,False,Sangay(Ecuador)
1977,3.0,Estratovolcán,False,False,Kliuchevskoi(Russia)
1981,,Estratovolcán,False,False,Mayon(Philippines)
1992,1.0,Estratovolcán,False,False,Karangetang [Api Siau](Indonesia)
1994,3.0,Escudo piroclástico,False,False,Rabaul(Papua New Guinea)
1997,2.0,Estratovolcán,False,False,Merapi(Indonesia)
2005,4.0,Estratovolcán,False,False,Manam(Papua New Guinea)
2006,,Estratovolcán,False,False,Raoul Island(New Zealand)
2014,,Estratovolcán,False,False,Fogo(Cape Verde)
2015,2.0,Estratovolcán,False,False,Manam(Papua New Guinea)
-1900,6.0,Estratovolcán,False,False,Black Peak(United States)
1477,6.0,Estratovolcán,False,False,Bardarbunga(Iceland)
1597,3.0,Estratovolcán,False,False,Raung(Indonesia)
1673,5.0,Estratovolcán,False,False,Gamkonora(Indonesia)
1754,4.0,Estratovolcán,False,False,Taal(Philippines)
1768,4.0,Estratovolcán,False,False,Cotopaxi(Ecuador)
1792,2.0,Volcán complejo,False,False,Unzen(Japan)
1814,4.0,Estratovolcán,False,False,Mayon(Philippines)
1815,7.0,Estratovolcán,False,False,Tambora(Indonesia)
1818,4.0,Estratovolcán,False,False,Colima(Mexico)
1854,3.0,Estratovolcán,False,False,Alaid(Russia)
1863,,Estratovolcán,False,False,Yasur(Vanuatu)
1872,4.0,Estratovolcán,False,False,Merapi(Indonesia)
1884,,Caldera,False,False,Krakatau(Indonesia)
1888,3.0,Estratovolcán,False,False,Ritter Island(Papua New Guinea)
1888,4.0,Estratovolcán,False,False,Bandai(Japan)
1913,2.0,Estratovolcán,False,False,Semeru(Indonesia)
1916,4.0,Estratovolcán,False,False,Tungurahua(Ecuador)
1920,3.0,Estratovolcán,False,False,Merapi(Indonesia)
1946,2.0,Estratovolcán,False,False,Semeru(Indonesia)
1948,2.0,Volcán complejo,False,False,Iliwerung(Indonesia)
1950,3.0,Estratovolcán,False,False,Camiguin(Philippines)
1950,2.0,Volcán complejo,False,False,Asama(Japan)
1951,,Estratovolcán,False,False,Cosiguina(Nicaragua)
1956,5.0,Estratovolcán,False,False,Bezymianny(Russia)
1958,2.0,Caldera,False,False,Kuwae(Vanuatu)
1967,3.0,Estratovolcán,False,False,Semeru(Indonesia)
1974,3.0,Estratovolcán,False,False,Sakura-jima(Japan)
1979,1.0,Volcán complejo,False,False,Dieng Volc Complex(Indonesia)
1984,3.0,Estratovolcán,False,False,Mayon(Philippines)
1988,3.0,Caldera,False,False,Banda Api(Pacific Ocean)
1993,1.0,Caldera,False,False,Krakatau(Indonesia)
1996,2.0,Estratovolcán,False,False,Karymsky(Russia)
1997,,Estratovolcán,False,False,Soufriere Hills(Montserrat)
2006,2.0,Estratovolcán,False,False,Bulusan(Philippines)
2007,4.0,Estratovolcán,False,False,Manam(Papua New Guinea)
2007,,Estratovolcán,False,False,"Tair, Jebel at(Yemen)"
2011,,Volcán escudo,False,False,Kirishima(Japan)
2012,,Volcán escudo,False,False,Tolbachik(Russia)
2018,1.0,Volcán escudo,False,False,Kilauea(United States)
2020,,Estratovolcán,False,False,Ijen(Indonesia)
-4360,6.0,Caldera,False,False,Macauley Island(New Zealand)
-4000,6.0,Caldera,False,False,Pago(Papua New Guinea)
-50,6.0,Escudo piroclástico,False,False,Apoyeque(Nicaragua)
46,3.0,Volcán escudo,False,False,Santorini(Greece)
500,,Campo volcánico,False,False,"Arhab, Harra of(Yemen)"
787,3.0,Volcán complejo,False,False,Vesuvius(Italy)
1536,3.0,Estratovolcán,False,False,Etna(Italy)
1690,,Volcán complejo,False,False,Vesuvius(Italy)
1726,1.0,Estratovolcán,False,False,Bardarbunga(Iceland)
1730,3.0,Estratovolcán,False,False,Raung(Indonesia)
1742,3.0,Estratovolcán,False,False,Cotopaxi(Ecuador)
1749,3.0,Estratovolcán,False,False,Taal(Philippines)
1848,2.0,Estratovolcán,False,False,Kelut(Indonesia)
1861,3.0,Estratovolcán,False,False,Dubbi(Eritrea)
1892,2.0,Caldera,False,False,Tofua(Tonga)
1897,3.0,Estratovolcán,False,False,Mayon(Philippines)
1902,,Estratovolcán,False,False,Pelee(Martinique)
1912,3.0,Volcán escudo,False,False,"Nyamuragira(Congo, DRC)"
1919,1.0,Estratovolcán,False,False,Popocatepetl(Mexico)
1919,,Volcán submarino,False,False,Banua Wuhu(Indonesia)
1923,2.0,Volcanes submarinos,False,False,"Cendres, Ile des(Vietnam)"
1929,2.0,Estratovolcán,False,False,Etna(Italy)
1939,2.0,Estratovolcán,False,False,Tori-shima(Japan)
1940,2.0,Estratovolcán,False,False,Karangetang [Api Siau](Indonesia)
1947,2.0,Volcán complejo,False,False,Asama(Japan)
1957,2.0,Estratovolcán,False,False,Oshima(Japan)
1979,2.0,Caldera,False,False,Aso(Japan)
1980,,Estratovolcán,False,False,Hood(United States)
1989,,Volcán escudo,False,False,Kirishima(Japan)
1994,1.0,Caldera,False,False,Aso(Japan)
2001,3.0,Estratovolcán,False,False,Etna(Italy)
2011,2.0,Estratovolcán,False,False,Bulusan(Philippines)
2014,,Estratovolcán,False,False,Kelut(Indonesia)
50,6.0,Escudo piroclástico,False,False,Ambrym(Vanuatu)
590,,Estratovolcán,False,False,San Salvador(El Salvador)
1302,,Volcán complejo,False,False,Ischia(Italy)
1568,3.0,Estratovolcán,False,False,Savo(Solomon Is.)
1570,,Estratovolcán,False,False,Mombacho(Nicaragua)
1663,5.0,Estratovolcán,False,False,Usu(Japan)
1693,,Estratovolcán,False,False,Etna(Italy)
1755,4.0,Volcán subglacial,False,False,Katla(Iceland)
1843,2.0,Estratovolcán,False,False,Lamongan(Indonesia)
1872,3.0,Volcán complejo,False,False,Vesuvius(Italy)
1878,2.0,Volcán escudo,False,False,Okmok(United States)
1913,3.0,Escudo piroclástico,False,False,Ambrym(Vanuatu)
1949,2.0,Estratovolcán,False,False,Purace(Colombia)
1957,2.0,Caldera,False,False,Aso(Japan)
1963,3.0,Estratovolcán,False,False,Irazu(Costa Rica)
1971,3.0,Estratovolcán,False,False,Fuego(Guatemala)
1992,3.0,Cono de ceniza,False,False,"Negro, Cerro(Nicaragua)"
1997,,Estratovolcán,False,False,Hakkoda Group(Japan)
1997,,Estratovolcán,False,False,Adatara(Japan)
1997,,Caldera,False,False,Aso(Japan)
2004,1.0,Estratovolcán,False,False,Egon(Indonesia)
2013,,Estratovolcán,False,False,Paluweh(Indonesia)
2013,,Estratovolcán,False,False,Sakura-jima(Japan)
2015,,Estratovolcán,False,False,Karangetang [Api Siau](Indonesia)
-1460,6.0,Caldera,False,False,Taupo(New Zealand)
1000,7.0,Estratovolcán,False,False,Changbaishan(North Korea)
1727,4.0,Estratovolcán,False,False,Oraefajokull(Iceland)
1826,3.0,Estratovolcán,False,False,Kelut(Indonesia)
1868,2.0,Volcán escudo,False,False,Mauna Loa(United States)
1869,2.0,Estratovolcán,False,False,Lewotobi(Indonesia)
1895,2.0,Caldera,False,False,Dakataua(Papua New Guinea)
1900,2.0,Estratovolcán,False,False,Adatara(Japan)
1900,,Cono de piedra pómez,False,False,Tullu Moje(Ethiopia)
1902,2.0,Estratovolcán,False,False,Merapi(Indonesia)
1907,2.0,Estratovolcán,False,False,Lewotobi(Indonesia)
1913,2.0,Estratovolcán,False,False,Awu(Indonesia)
1930,3.0,Volcán complejo,False,False,Asama(Japan)
1932,,Estratovolcán,False,False,Merapi(Indonesia)
1938,1.0,Volcán escudo,False,False,"Nyamuragira(Congo, DRC)"
1938,2.0,Estratovolcán,False,False,Mayon(Philippines)
1954,,Estratovolcán,False,False,Camiguin(Philippines)
1958,2.0,Estratovolcán,False,False,Mahawu(Indonesia)
1961,,Estratovolcán,False,False,Tate-yama(Japan)
1964,2.0,Estratovolcán,False,False,Paluweh(Indonesia)
1992,4.0,Estratovolcán,False,False,Spurr(United States)
1995,,Estratovolcán,False,False,Parker(Philippines)
1998,,Estratovolcán,False,False,Kelut(Indonesia)
2000,3.0,Estratovolcán,False,False,Arenal(Costa Rica)
2010,1.0,Volcán complejo,False,False,Pacaya(Guatemala)
2010,,Estratovolcán,False,False,Merapi(Indonesia)
2011,,Estratovolcán,False,False,Lokon-Empung(Indonesia)
2013,,Estratovolcán,False,False,Merapi(Indonesia)
2016,,Estratovolcán,False,False,Rinjani(Indonesia)
2018,,Volcán escudo,False,False,Kilauea(United States)
1280,6.0,Caldera,False,False,Quilotoa(Ecuador)
1540,4.0,Domo de lava,False,False,Augustine(United States)
1660,6.0,Volcán complejo,False,False,Long Island(Papua New Guinea)
1858,,Estratovolcán,False,False,Tate-yama(Japan)
1864,2.0,Estratovolcán,False,False,Kelut(Indonesia)
1873,2.0,Estratovolcán,False,False,Ragang(Philippines)
1902,3.0,Estratovolcán,False,False,Tori-shima(Japan)
1907,2.0,Volcán escudo,False,False,Alayta(Ethiopia)
1909,2.0,Estratovolcán,False,False,Semeru(Indonesia)
1919,4.0,Estratovolcán,False,False,Kelut(Indonesia)
1919,,Estratovolcán,False,False,Nasu(Japan)
1920,3.0,Estratovolcán,False,False,Izalco(El Salvador)
1938,,Estratovolcán,False,False,Bandai(Japan)
1949,3.0,Estratovolcán,False,False,Villarrica(Chile)
1963,3.0,Estratovolcán,False,False,Fuego(Guatemala)
1968,3.0,Estratovolcán,False,False,Mayon(Philippines)
1985,3.0,Estratovolcán,False,False,Semeru(Indonesia)
1992,2.0,Volcán complejo,False,False,Marapi(Indonesia)
2001,2.0,Estratovolcán,False,False,Stromboli(Italy)
2004,4.0,Estratovolcán,False,False,Manam(Papua New Guinea)
2010,,Estratovolcán,False,False,Sarigan(United States)
2018,2.0,Estratovolcán,False,False,Etna(Italy)
2020,,Estratovolcán,False,False,Taal(Philippines)
-3580,6.0,Estratovolcán,False,False,Taal(Philippines)
-2040,6.0,Volcán complejo,False,False,Long Island(Papua New Guinea)
653,6.0,Caldera,False,False,Dakataua(Papua New Guinea)
683,6.0,Escudo piroclástico,False,False,Rabaul(Papua New Guinea)
950,,Volcán subglacial,False,False,Katla(Iceland)
1580,3.0,Respiradero de fisura,False,False,San Jorge(Portugal)
1581,4.0,Estratovolcán,False,False,Fuego(Guatemala)
1608,3.0,Estratovolcán,False,False,Gamalama(Indonesia)
1625,5.0,Volcán subglacial,False,False,Katla(Iceland)
1660,4.0,Estratovolcán,False,False,Teon(Pacific Ocean)
1773,2.0,Estratovolcán,False,False,Gamalama(Indonesia)
1779,2.0,Volcán complejo,False,False,Vesuvius(Italy)
1801,2.0,Estratovolcán,False,False,Chokai(Japan)
1804,3.0,Caldera,False,False,Shikotsu(Japan)
1820,2.0,Estratovolcán,False,False,Westdahl(United States)
1845,4.0,Estratovolcán,False,False,Hekla(Iceland)
1867,2.0,Volcán complejo,False,False,Zao(Japan)
1870,2.0,Volcán escudo,False,False,Aoba(Vanuatu)
1910,,Caldera,False,False,Taupo(New Zealand)
1952,,Volcán complejo,False,False,Hakone(Japan)
1953,2.0,Caldera,False,False,Aso(Japan)
1963,3.0,Estratovolcán,False,False,Irazu(Costa Rica)
1974,1.0,Estratovolcán,False,False,Ritter Island(Papua New Guinea)
1986,2.0,Estratovolcán,False,False,Merapi(Indonesia)
1987,3.0,Volcán complejo,False,False,Pacaya(Guatemala)
1990,,Escudo piroclástico,False,False,Rabaul(Papua New Guinea)
1993,,Estratovolcán,False,False,Pinatubo(Philippines)
2000,2.0,Estratovolcán,False,False,Miyake-jima(Japan)
2006,1.0,Estratovolcán,False,False,Mayon(Philippines)
2009,,Estratovolcán,False,False,Redoubt(United States)
2016,,Estratovolcán,False,False,Sinabung(Indonesia)
2018,,Estratovolcán,False,False,Kusatsu-Shirane(Japan)
2019,2.0,Estratovolcán,False,False,Stromboli(Italy)
-1645,6.0,Caldera,False,False,Aniakchak(United States)
1636,3.0,Estratovolcán,False,False,Hekla(Iceland)
1669,3.0,Estratovolcán,False,False,Etna(Italy)
1698,3.0,Volcán complejo,False,False,Vesuvius(Italy)
1706,2.0,Estratovolcán,False,False,Tenerife(Spain)
1707,4.0,Estratovolcán,False,False,Fuji(Japan)
1826,2.0,Volcán complejo,False,False,Dieng Volc Complex(Indonesia)
1832,2.0,Estratovolcán,False,False,Etna(Italy)
1835,5.0,Estratovolcán,False,False,Cosiguina(Nicaragua)
1860,,Caldera,False,False,Grimsvotn(Iceland)
1871,2.0,Estratovolcán,False,False,Gamalama(Indonesia)
1872,4.0,Estratovolcán,False,False,Sinarka(Russia)
1899,4.0,Estratovolcán,False,False,Dona Juana(Colombia)
1905,2.0,Volcán complejo,False,False,Vesuvius(Italy)
1924,2.0,Volcán escudo,False,False,Kilauea(United States)
1931,3.0,Volcán complejo,False,False,Asama(Japan)
1947,2.0,Estratovolcán,False,False,Mayon(Philippines)
1957,2.0,Estratovolcán,False,False,Vsevidof(United States)
1963,2.0,Caldera,False,False,Batur(Indonesia)
1967,3.0,Estratovolcán,False,False,"Lengai, Ol Doinyo(Tanzania)"
1969,3.0,Estratovolcán,False,False,Iya(Indonesia)
1988,3.0,Estratovolcán,False,False,Semeru(Indonesia)
1990,2.0,Caldera,False,False,Aso(Japan)
1994,,Estratovolcán,False,False,Huila(Colombia)
1999,4.0,Estratovolcán,False,False,Shiveluch(Russia)
1999,3.0,Estratovolcán,False,False,Tungurahua(Ecuador)
2019,2.0,Estratovolcán,False,False,White Island(New Zealand)
1631,,Volcán escudo,False,False,Dama Ali(Ethiopia)
1659,4.0,Estratovolcán,False,False,Teon(Pacific Ocean)
1664,,Volcán complejo,False,False,Iwo-Tori-shima(Japan)
1707,,Volcán escudo,False,False,Santorini(Greece)
1729,2.0,Caldera,False,False,Krafla(Iceland)
1780,4.0,Estratovolcán,False,False,Sakura-jima(Japan)
1835,,Caldera,False,False,Banda Api(Pacific Ocean)
1843,,Estratovolcán,False,False,Soufriere Guadeloupe(Guadeloupe)
1854,5.0,Estratovolcán,False,False,Shiveluch(Russia)
1856,,Estratovolcán,False,False,Shishaldin(United States)
1860,2.0,Estratovolcán,False,False,Fuego(Guatemala)
1868,,Estratovolcán,False,False,Etna(Italy)
1872,4.0,Estratovolcán,False,False,Merapi(Indonesia)
1875,0.0,Estratovolcán,False,False,Kelut(Indonesia)
1878,,Estratovolcán,False,False,Yasur(Vanuatu)
1909,2.0,Estratovolcán,False,False,"Cameroon, Mt.(Cameroon)"
1914,3.0,Caldera,False,False,Pago(Papua New Guinea)
1917,1.0,Domo de lava,False,False,Okataina(New Zealand)
1930,2.0,Caldera,False,False,Krakatau(Indonesia)
1930,3.0,Estratovolcán,False,False,Stromboli(Italy)
1934,,Estratovolcán,False,False,Hood(United States)
1946,4.0,Estratovolcán,False,False,Sarychev Peak(Russia)
1954,,Estratovolcán,False,False,Stromboli(Italy)
1955,3.0,Estratovolcán,False,False,Sakura-jima(Japan)
1962,,Estratovolcán,False,False,Merapi(Indonesia)
1990,4.0,Estratovolcán,False,False,Kelut(Indonesia)
1993,1.0,Volcán complejo,False,False,Unzen(Japan)
2010,3.0,Estratovolcán,False,False,Karangetang [Api Siau](Indonesia)
2014,,Volcán escudo,False,False,Kilauea(United States)
2016,,Estratovolcán,False,False,Sinabung(Indonesia)
2019,4.0,Estratovolcán,False,False,Manam(Papua New Guinea)
2019,,Estratovolcán,False,False,Sinabung(Indonesia)
1357,4.0,Volcán subglacial,False,False,Katla(Iceland)
1586,5.0,Estratovolcán,False,False,Kelut(Indonesia)
1730,,Cono piroclástico,False,False,Tseax River Cone(Canada)
1823,0.0,Volcán escudo,False,False,Kilauea(United States)
1832,3.0,Estratovolcán,False,False,Merapi(Indonesia)
1838,2.0,Estratovolcán,False,False,Gamalama(Indonesia)
1858,2.0,Estratovolcán,False,False,Mayon(Philippines)
1872,3.0,Caldera,False,False,Aso(Japan)
1879,2.0,Estratovolcán,False,False,Stromboli(Italy)
1893,2.0,Estratovolcán,False,False,Azuma(Japan)
1918,3.0,Volcán submarino,False,False,Banua Wuhu(Indonesia)
1940,2.0,Estratovolcán,False,False,Miyake-jima(Japan)
1966,3.0,Estratovolcán,False,False,Tinakula(Solomon Is.)
1970,3.0,Estratovolcán,False,False,Hekla(Iceland)
1974,4.0,Estratovolcán,False,False,Fuego(Guatemala)
1975,2.0,Volcán complejo,False,False,Marapi(Indonesia)
1977,1.0,Caldera,False,False,Krafla(Iceland)
1984,,Volcán complejo,False,False,On-take(Japan)
1989,,Caldera,False,False,Aso(Japan)
1991,,Volcán complejo,False,False,Mutnovsky(Russia)
1991,5.0,Estratovolcán,False,False,"Hudson, Cerro(Chile)"
1992,,Volcán complejo,False,False,Dieng Volc Complex(Indonesia)
1993,2.0,Estratovolcán,False,False,Mayon(Philippines)
1995,,Volcán complejo,False,False,Kelimutu(Indonesia)
2015,,Domo de lava,False,False,Okataina(New Zealand)
2018,,Estratovolcán,False,False,Kadovar(Papua New Guinea)
-1890,6.0,Estratovolcán,False,False,"Hudson, Cerro(Chile)"
-455,4.0,Estratovolcán,False,False,Cotopaxi(Ecuador)
240,6.0,Estratovolcán,False,False,Ksudach(Russia)
1362,5.0,Estratovolcán,False,False,Oraefajokull(Iceland)
1385,3.0,Estratovolcán,False,False,Kelut(Indonesia)
1630,4.0,Estratovolcán,False,False,Furnas(Portugal)
1669,3.0,Estratovolcán,False,False,Etna(Italy)
1670,2.0,Volcán escudo,False,False,Aoba(Vanuatu)
1690,3.0,Volcán complejo,False,False,Guntur(Indonesia)
1766,3.0,Estratovolcán,False,False,Mayon(Philippines)
1780,3.0,Estratovolcán,False,False,Aoga-shima(Japan)
1784,4.0,Caldera,False,False,Grimsvotn(Iceland)
1890,2.0,Estratovolcán,False,False,Victory(Papua New Guinea)
1913,1.0,Volcán complejo,False,False,Asama(Japan)
1926,3.0,Estratovolcán,False,False,Tokachi(Japan)
1932,4.0,Estratovolcán,False,False,Fuego(Guatemala)
1964,2.0,Estratovolcán,False,False,Villarrica(Chile)
1967,3.0,Caldera,False,False,Deception Island(Antarctica)
1974,2.0,Estratovolcán,False,False,Merapi(Indonesia)
1977,1.0,Estratovolcán,False,False,"Nyiragongo(Congo, DRC)"
1988,3.0,Estratovolcán,False,False,Lonquimay(Chile)
1991,1.0,Volcán complejo,False,False,Unzen(Japan)
1993,1.0,Estratovolcán,False,False,Guagua Pichincha(Ecuador)
2008,3.0,Estratovolcán,False,False,Tungurahua(Ecuador)
2011,3.0,Estratovolcán,False,False,Nabro(Eritrea)
2013,,Estratovolcán,False,False,Ubinas(Peru)
2014,,Estratovolcán,False,False,Sinabung(Indonesia)
2015,,Estratovolcán,False,False,Sinabung(Indonesia)
-197,3.0,Volcán escudo,False,False,Santorini(Greece)
60,6.0,Estratovolcán,False,False,Bona-Churchill(United States)
1631,5.0,Volcán complejo,False,False,Vesuvius(Italy)
1682,3.0,Volcán complejo,False,False,Vesuvius(Italy)
1757,0.0,Respiradero de fisura,False,False,San Jorge(Portugal)
1812,4.0,Estratovolcán,False,False,Soufriere St. Vincent(St. Vincent & the Grenadines)
1827,2.0,Estratovolcán,False,False,Avachinsky(Russia)
1846,2.0,Estratovolcán,False,False,Tangkubanparahu(Indonesia)
1856,4.0,Estratovolcán,False,False,Komaga-take(Japan)
1883,4.0,Domo de lava,False,False,Augustine(United States)
1914,4.0,Estratovolcán,False,False,Sakura-jima(Japan)
1919,3.0,Estratovolcán,False,False,Stromboli(Italy)
1927,1.0,Estratovolcán,False,False,Esjufjoll(Iceland)
1944,2.0,Volcán complejo,False,False,Vesuvius(Italy)
1949,3.0,Estratovolcán,False,False,Camiguin(Philippines)
1953,2.0,Volcán submarino,False,False,Myojun Knoll(Japan)
1968,3.0,Estratovolcán,False,False,Arenal(Costa Rica)
1972,,Volcán complejo,False,False,Hakone(Japan)
1981,2.0,Estratovolcán,False,False,Alaid(Russia)
1990,,Estratovolcán,False,False,Kelut(Indonesia)
1997,3.0,Estratovolcán,False,False,Soufriere Hills(Montserrat)
2002,3.0,Estratovolcán,False,False,Semeru(Indonesia)
2006,3.0,Estratovolcán,False,False,Tungurahua(Ecuador)
1334,3.0,Estratovolcán,False,False,Kelut(Indonesia)
1564,3.0,Estratovolcán,False,False,Gamkonora(Indonesia)
1711,3.0,Estratovolcán,False,False,Awu(Indonesia)
1873,,Volcán complejo,False,False,Vesuvius(Italy)
1877,4.0,Estratovolcán,False,False,Cotopaxi(Ecuador)
1892,3.0,Estratovolcán,False,False,Awu(Indonesia)
1895,2.0,Estratovolcán,False,False,Semeru(Indonesia)
1895,2.0,Estratovolcán,False,False,Karkar(Papua New Guinea)
1902,,Estratovolcán,False,False,Pelee(Martinique)
1904,2.0,Volcán escudo,False,False,Karthala(Comoros)
1906,3.0,Volcán complejo,False,False,Vesuvius(Italy)
1928,1.0,Estratovolcán,False,False,Etna(Italy)
1929,3.0,Estratovolcán,False,False,Calbuco(Chile)
1930,3.0,Estratovolcán,False,False,Merapi(Indonesia)
1933,3.0,Estratovolcán,False,False,Kharimkotan(Russia)
1933,4.0,Estratovolcán,False,False,Kuchinoerabu-jima(Japan)
1950,1.0,Estratovolcán,False,False,Semeru(Indonesia)
1972,2.0,Volcán escudo,False,False,"Fournaise, Piton de la(Reunion)"
1978,3.0,Estratovolcán,False,False,Usu(Japan)
1979,,Volcán complejo,False,False,Iliwerung(Indonesia)
1996,,Estratovolcán,False,False,Maderas(Nicaragua)
2002,4.0,Estratovolcán,False,False,Reventador(Ecuador)
2011,4.0,Estratovolcán,False,False,Tungurahua(Ecuador)
2016,,Caldera,False,False,Aso(Japan)
-1010,5.0,Estratovolcán,False,False,Tungurahua(Ecuador)
350,,Domo de lava,False,False,Augustine(United States)
1311,4.0,Volcán subglacial,False,False,Katla(Iceland)
1587,4.0,Estratovolcán,False,False,Merapi(Indonesia)
1716,2.0,Estratovolcán,False,False,Kelut(Indonesia)
1729,1.0,Estratovolcán,False,False,Bardarbunga(Iceland)
1742,3.0,Estratovolcán,False,False,Cotopaxi(Ecuador)
1772,3.0,Estratovolcán,False,False,Gamalama(Indonesia)
1775,3.0,Estratovolcán,False,False,Lokon-Empung(Indonesia)
1840,3.0,Estratovolcán,False,False,Ararat(Turkey)
1871,3.0,Estratovolcán,False,False,Mayon(Philippines)
1874,2.0,Estratovolcán,False,False,Taal(Philippines)
1883,6.0,Caldera,False,False,Krakatau(Indonesia)
1885,2.0,Estratovolcán,False,False,Semeru(Indonesia)
1919,0.0,Volcán escudo,False,False,Mauna Loa(United States)
1939,1.0,Volcán complejo,False,False,Dieng Volc Complex(Indonesia)
1952,2.0,Volcán submarino,False,False,Myojun Knoll(Japan)
1952,1.0,Volcán compuesto,False,False,Ambalatungan Group(Philippines)
1961,3.0,Estratovolcán,False,False,Calbuco(Chile)
1978,3.0,Estratovolcán,False,False,Semeru(Indonesia)
1984,,Maar,False,False,Oku Volc Field(Cameroon)
1986,2.0,Estratovolcán,False,False,Stromboli(Italy)
1987,,Volcán complejo,False,False,Sirung(Indonesia)
1993,,Volcán escudo,False,False,Kilauea(United States)
1996,3.0,Estratovolcán,False,False,Popocatepetl(Mexico)
2006,3.0,Estratovolcán,False,False,Tungurahua(Ecuador)
2010,,Estratovolcán,False,False,Sinabung(Indonesia)
2016,,Caldera,False,False,Yellowstone(United States)
-4350,7.0,Caldera,False,False,Kikai(Japan)
934,4.0,Volcán subglacial,False,False,Katla(Iceland)
1250,,Estratovolcán,False,False,Fentale(Ethiopia)
1389,3.0,Estratovolcán,False,False,Hekla(Iceland)
1471,5.0,Estratovolcán,False,False,Sakura-jima(Japan)
1500,4.0,Volcán subglacial,False,False,Katla(Iceland)
1590,3.0,Estratovolcán,False,False,Colima(Mexico)
1596,2.0,Volcán complejo,False,False,Asama(Japan)
1606,2.0,Estratovolcán,False,False,Hachijo-jima(Japan)
1712,2.0,Estratovolcán,False,False,Bardarbunga(Iceland)
1716,2.0,Estratovolcán,False,False,Bardarbunga(Iceland)
1737,2.0,Volcán complejo,False,False,Vesuvius(Italy)
1779,4.0,Estratovolcán,False,False,Sakura-jima(Japan)
1783,4.0,Volcán complejo,False,False,Asama(Japan)
1822,3.0,Estratovolcán,False,False,Merapi(Indonesia)
1840,3.0,Estratovolcán,False,False,Tinakula(Solomon Is.)
1845,2.0,Estratovolcán,False,False,Soputan(Indonesia)
1847,2.0,Estratovolcán,False,False,Fogo(Cape Verde)
1856,3.0,Estratovolcán,False,False,Awu(Indonesia)
1861,4.0,Estratovolcán,False,False,Makian(Indonesia)
1903,1.0,Domo de lava,False,False,Okataina(New Zealand)
1951,,Volcán complejo,False,False,Hakone(Japan)
1954,2.0,Estratovolcán,False,False,Bam(Papua New Guinea)
1958,,Estratovolcán,False,False,Daisetsu(Japan)
1962,2.0,Estratovolcán,False,False,Gamalama(Indonesia)
1969,2.0,Estratovolcán,False,False,Merapi(Indonesia)
1973,3.0,Estratovolcán,False,False,Paluweh(Indonesia)
1974,3.0,Estratovolcán,False,False,Sakura-jima(Japan)
1978,,Estratovolcán,False,False,Tangkubanparahu(Indonesia)
1983,4.0,Estratovolcán,False,False,Colo [Una Una](Indonesia)
1987,2.0,Estratovolcán,False,False,Etna(Italy)
1994,3.0,Estratovolcán,False,False,Rinjani(Indonesia)
1996,3.0,Caldera,False,False,Grimsvotn(Iceland)
1997,3.0,Estratovolcán,False,False,Soufriere Hills(Montserrat)
1999,3.0,Estratovolcán,False,False,Guagua Pichincha(Ecuador)
2001,2.0,Estratovolcán,False,False,Merapi(Indonesia)
2002,1.0,Estratovolcán,False,False,"Nyiragongo(Congo, DRC)"
2011,,Estratovolcán,False,False,Karangetang [Api Siau](Indonesia)
2012,,Volcán escudo,False,False,Kilauea(United States)
2012,,Volcán escudo,False,False,Kilauea(United States)
416,,Caldera,False,False,Krakatau(Indonesia)
1311,3.0,Estratovolcán,False,False,Kelut(Indonesia)
1410,3.0,Estratovolcán,False,False,Nasu(Japan)
1672,2.0,Estratovolcán,False,False,Fayal(Portugal)
1780,,Estratovolcán,False,False,Sakura-jima(Japan)
1800,2.0,Estratovolcán,False,False,Kieyo(Tanzania)
1803,2.0,Volcán complejo,False,False,Asama(Japan)
1894,3.0,Escudo piroclástico,False,False,Ambrym(Vanuatu)
1910,2.0,Estratovolcán,False,False,Usu(Japan)
1911,2.0,Volcán complejo,False,False,Asama(Japan)
1917,3.0,Estratovolcán,False,False,San Salvador(El Salvador)
1923,,Estratovolcán,False,False,Tangkubanparahu(Indonesia)
1923,2.0,Volcán escudo,False,False,Kirishima(Japan)
1929,4.0,Estratovolcán,False,False,Komaga-take(Japan)
1929,3.0,Estratovolcán,False,False,Santa Maria(Guatemala)
1939,1.0,Volcán submarino,False,False,Kick-'em-Jenny(Netherlands)
1951,3.0,Estratovolcán,False,False,Kelut(Indonesia)
1966,4.0,Estratovolcán,False,False,Awu(Indonesia)
1971,2.0,Estratovolcán,False,False,Villarrica(Chile)
1974,2.0,Domo de lava,False,False,Niigata-Yake-yama(Japan)
1977,0.0,Volcán escudo,False,False,Karthala(Comoros)
1978,2.0,Estratovolcán,False,False,Bulusan(Philippines)
1982,5.0,Cono de toba,False,False,"Chichon, El(Mexico)"
1986,,Volcán complejo,False,False,Akita-Yake-yama(Japan)
2001,2.0,Estratovolcán,False,False,Etna(Italy)
2018,1.0,Volcán escudo,False,False,Kilauea(United States)
-1610,7.0,Volcán escudo,False,False,Santorini(Greece)
-150,,Volcán complejo,False,False,St. Andrew Strait(Papua New Guinea)
-100,6.0,Volcán escudo,False,False,Okmok(United States)
1341,3.0,Estratovolcán,False,False,Hekla(Iceland)
1430,,Caldera,False,False,Kuwae(Vanuatu)
1510,4.0,Estratovolcán,False,False,Hekla(Iceland)
1580,6.0,Escudo piroclástico,False,False,Billy Mitchell(Papua New Guinea)
1698,3.0,Estratovolcán,False,False,Cereme(Indonesia)
1716,4.0,Estratovolcán,False,False,Taal(Philippines)
1717,3.0,Estratovolcán,False,False,Fuego(Guatemala)
1721,5.0,Volcán subglacial,False,False,Katla(Iceland)
1819,,Estratovolcán,False,False,Asuncion(United States)
1845,3.0,Estratovolcán,False,False,Ruiz(Colombia)
1895,2.0,Volcán escudo,False,False,Kirishima(Japan)
1901,,Estratovolcán,False,False,Epi(Vanuatu)
1907,0.0,Volcán submarino,False,False,Unnamed(Tonga)
1928,,Caldera,False,False,Krakatau(Indonesia)
1940,2.0,Estratovolcán,False,False,"Lengai, Ol Doinyo(Tanzania)"
1946,2.0,Estratovolcán,False,False,Semeru(Indonesia)
1953,3.0,Estratovolcán,False,False,Merapi(Indonesia)
1954,,Estratovolcán,False,False,Tate-yama(Japan)
1961,2.0,Volcán complejo,False,False,Asama(Japan)
1962,3.0,Estratovolcán,False,False,Tokachi(Japan)
1963,3.0,Estratovolcán,False,False,Agung(Indonesia)
1969,2.0,Volcán compuesto,False,False,Didicas(Philippines)
1997,1.0,Estratovolcán,False,False,Karangetang [Api Siau](Indonesia)
2000,3.0,Estratovolcán,False,False,Semeru(Indonesia)
2009,,Volcán escudo,False,False,Kilauea(United States)
2011,,Estratovolcán,False,False,Merapi(Indonesia)
450,6.0,Caldera,False,False,Ilopango(El Salvador)
1565,3.0,Volcán complejo,False,False,Pacaya(Guatemala)
1716,3.0,Volcán escudo,False,False,Kirishima(Japan)
1721,1.0,Volcán complejo,False,False,Asama(Japan)
1762,2.0,Estratovolcán,False,False,Kliuchevskoi(Russia)
1784,,Estratovolcán,False,False,Sabancaya(Peru)
1786,2.0,Volcán complejo,False,False,Dieng Volc Complex(Indonesia)
1800,,Volcán complejo,False,False,Guntur(Indonesia)
1800,0.0,Volcán escudo,False,False,Hualalai(United States)
1839,2.0,Volcán submarino,False,False,Unnamed(Chile)
1861,2.0,Caldera,False,False,Grimsvotn(Iceland)
1878,3.0,Escudo piroclástico,False,False,Rabaul(Papua New Guinea)
1901,3.0,Estratovolcán,False,False,Kelut(Indonesia)
1911,3.0,Estratovolcán,False,False,Taal(Philippines)
1917,3.0,Estratovolcán,False,False,"Lengai, Ol Doinyo(Tanzania)"
1921,,Estratovolcán,False,False,Nasu(Japan)
1933,,Volcán complejo,False,False,Hakone(Japan)
1941,2.0,Estratovolcán,False,False,Semeru(Indonesia)
1944,2.0,Estratovolcán,False,False,Usu(Japan)
1947,4.0,Estratovolcán,False,False,Hekla(Iceland)
1976,,Estratovolcán,False,False,Kusatsu-Shirane(Japan)
1979,2.0,Estratovolcán,False,False,Etna(Italy)
1982,4.0,Estratovolcán,False,False,Galunggung(Indonesia)
1988,3.0,Estratovolcán,False,False,Arenal(Costa Rica)
2005,,Volcán escudo,False,False,Karthala(Comoros)
2010,,Estratovolcán,False,False,Tengger Caldera(Indonesia)
-1050,6.0,Estratovolcán,False,False,Pinatubo(Philippines)
764,4.0,Estratovolcán,False,False,Sakura-jima(Japan)
766,3.0,Estratovolcán,False,False,Sakura-jima(Japan)
1760,4.0,Estratovolcán,False,False,Makian(Indonesia)
1766,4.0,Estratovolcán,False,False,Hekla(Iceland)
1790,4.0,Volcán escudo,False,False,Kilauea(United States)
1803,2.0,Volcán complejo,False,False,Asama(Japan)
1813,2.0,Volcán complejo,False,False,Vesuvius(Italy)
1825,3.0,Estratovolcán,False,False,Shishaldin(United States)
1869,2.0,Estratovolcán,False,False,Lamongan(Indonesia)
1883,,Caldera,False,False,Krakatau(Indonesia)
1900,2.0,Volcán complejo,False,False,Asama(Japan)
1914,,Estratovolcán,False,False,White Island(New Zealand)
1928,3.0,Estratovolcán,False,False,Paluweh(Indonesia)
1952,2.0,Volcán submarino,False,False,Myojun Knoll(Japan)
1953,0.0,Volcán complejo,False,False,Sirung(Indonesia)
1963,2.0,Estratovolcán,False,False,Villarrica(Chile)
1976,2.0,Estratovolcán,False,False,Merapi(Indonesia)
1977,3.0,Estratovolcán,False,False,Usu(Japan)
1980,5.0,Estratovolcán,False,False,St. Helens(United States)
1981,,Estratovolcán,False,False,Vilyuchik(Russia)
1985,3.0,Estratovolcán,False,False,Ruiz(Colombia)
1990,3.0,Estratovolcán,False,False,Shiveluch(Russia)
1990,3.0,Estratovolcán,False,False,Santa Maria(Guatemala)
1995,3.0,Estratovolcán,False,False,Yasur(Vanuatu)
2006,1.0,Estratovolcán,False,False,Merapi(Indonesia)
2010,2.0,Estratovolcán,False,False,Eyjafjallajokull(Iceland)
2010,3.0,Estratovolcán,False,False,Tungurahua(Ecuador)
2011,,Volcán subglacial,False,False,Katla(Iceland)
2015,,Estratovolcán,False,False,Sinabung(Indonesia)
2018,2.0,Escudo piroclástico,False,False,Ambrym(Vanuatu)
2019,4.0,Estratovolcán,False,False,Manam(Papua New Guinea)
-1370,6.0,Caldera,False,False,Pago(Papua New Guinea)
710,6.0,Caldera,False,False,Pago(Papua New Guinea)
1853,3.0,Estratovolcán,False,False,Mayon(Philippines)
1872,4.0,Estratovolcán,False,False,Merapi(Indonesia)
1878,3.0,Estratovolcán,False,False,Yasur(Vanuatu)
1905,2.0,Volcán escudo,False,False,Savai'i(Samoa)
1918,4.0,Volcán subglacial,False,False,Katla(Iceland)
1944,2.0,Estratovolcán,False,False,Stromboli(Italy)
1952,2.0,Volcán submarino,False,False,Myojun Knoll(Japan)
1955,4.0,Cono piroclástico,False,False,Carran-Los Venados(Chile)
1961,3.0,Estratovolcán,False,False,Merapi(Indonesia)
1975,3.0,Estratovolcán,False,False,Arenal(Costa Rica)
1980,3.0,Estratovolcán,False,False,Hekla(Iceland)
1981,2.0,Estratovolcán,False,False,Paluweh(Indonesia)
1988,,Volcán complejo,False,False,Akita-Yake-yama(Japan)
1991,2.0,Volcán escudo,False,False,Karthala(Comoros)
1994,3.0,Estratovolcán,False,False,Merapi(Indonesia)
1995,1.0,Estratovolcán,False,False,Yake-dake(Japan)
2002,,Estratovolcán,False,False,Stromboli(Italy)
2003,3.0,Estratovolcán,False,False,Soufriere Hills(Montserrat)
2010,3.0,Estratovolcán,False,False,Tungurahua(Ecuador)
2018,2.0,Estratovolcán,False,False,Fuego(Guatemala)
-1550,,Estratovolcán,False,False,Redoubt(United States)
-250,6.0,Estratovolcán,False,False,Raoul Island(New Zealand)
1640,5.0,Estratovolcán,False,False,Komaga-take(Japan)
1785,3.0,Estratovolcán,False,False,Aoga-shima(Japan)
1812,3.0,Estratovolcán,False,False,Awu(Indonesia)
1853,0.0,Volcán escudo,False,False,Niuafo'ou(Tonga)
1892,2.0,Estratovolcán,False,False,Sorikmarapi(Indonesia)
1917,3.0,Estratovolcán,False,False,Calbuco(Chile)
1938,1.0,Volcán complejo,False,False,Asama(Japan)
1941,2.0,Volcán complejo,False,False,Asama(Japan)
1943,4.0,Cono de ceniza,False,False,Michoacan-Guanajuato(Mexico)
1944,2.0,Volcán complejo,False,False,Dieng Volc Complex(Indonesia)
1953,1.0,Estratovolcán,False,False,Oshima(Japan)
1973,,Estratovolcán,False,False,"Hudson, Cerro(Chile)"
1990,2.0,Caldera,False,False,Aso(Japan)
1991,6.0,Estratovolcán,False,False,Pinatubo(Philippines)
1992,1.0,Estratovolcán,False,False,Pinatubo(Philippines)
1995,2.0,Estratovolcán,False,False,Fogo(Cape Verde)
1996,3.0,Estratovolcán,False,False,Manam(Papua New Guinea)
2000,,Volcán escudo,False,False,Kilauea(United States)
2005,3.0,Estratovolcán,False,False,Santa Ana(El Salvador)
2006,2.0,Estratovolcán,False,False,Soufriere Hills(Montserrat)
2015,,Estratovolcán,False,False,Calbuco(Chile)
2017,,Caldera,False,False,Campi Flegrei(Italy)
2018,,Estratovolcán,False,False,Kadovar(Papua New Guinea)
2018,,Estratovolcán,False,False,Ijen(Indonesia)
